tipo;categoria;observacao
Apartamento;Imóveis;
Benfeitorias;Imóveis;
Casa;Imóveis;
Construção;Imóveis;
Galpão;Imóveis;
Loja;Imóveis;
Outros bens imóveis;Imóveis;
Prédio comercial;Imóveis;
Prédio residencial;Imóveis;
Sala ou conjunto;Imóveis;
Terra nua;Imóveis;
Terreno;Imóveis;
Aeronave;Veículos;
Embarcação;Veículos;
Veículo automotor terrestre: caminhão, automóvel, moto, etc.;Veículos;
Aplicação de renda fixa (CDB, RDB e outros);Aplicações financeiras;
Caderneta de poupança;Aplicações financeiras;Na declaração de IR a poupança fica no grupo de aplicações, não no de depósitos à vista.
Fundo de Curto Prazo;Aplicações financeiras;
Fundo de Investimento Imobiliário;Aplicações financeiras;Cotas de fundo, não o imóvel em si.
Fundo de Longo Prazo e Fundo de Investimentos em Direitos Creditórios (FIDC);Aplicações financeiras;
Fundos: Ações, Mútuos de Privatização, Invest. Empresas Emergentes, Invest.Participação e Invest. Índice Mercado;Aplicações financeiras;
Mercado futuros, de opções e a termo;Aplicações financeiras;
Outras aplicações e Investimentos;Aplicações financeiras;
Outros fundos;Aplicações financeiras;
Ouro, ativo financeiro;Aplicações financeiras;
Plano PAIT e caderneta de pecúlio;Aplicações financeiras;
Poupança para construção ou aquisição de bem imóvel;Aplicações financeiras;
VGBL - Vida Gerador de Benefício Livre;Aplicações financeiras;Plano de previdência/seguro com acumulação de recursos.
Ações (inclusive as provenientes de linha telefônica);Participações societárias;Na declaração de IR as ações ficam no grupo de participações societárias.
Outras participações societárias;Participações societárias;
Quotas ou quinhões de capital;Participações societárias;
Depósito bancário em conta corrente no exterior;Depósitos/dinheiro;
Depósito bancário em conta corrente no País;Depósitos/dinheiro;
Dinheiro em espécie - moeda estrangeira;Depósitos/dinheiro;
Dinheiro em espécie - moeda nacional;Depósitos/dinheiro;
Outros depósitos à vista e numerário;Depósitos/dinheiro;
Bem relacionado com o exercício da atividade autônoma;Outros;
Consórcio não contemplado;Outros;Valor pago em consórcio ainda sem o bem.
Crédito decorrente de alienação;Outros;Valor a receber.
Crédito decorrente de empréstimo;Outros;Valor a receber.
Direito de autor, de inventor e patente;Outros;
Jóia, quadro, objeto de arte, de coleção, antiguidade, etc.;Outros;
Leasing;Outros;
Licença e concessões especiais;Outros;
Linha telefônica;Outros;
OUTROS BENS E DIREITOS;Outros;
Outros bens móveis;Outros;
Outros créditos e poupança vinculados;Outros;Inclui saldos como FGTS/PIS vinculados, poderia ser lido como aplicação financeira.
Título de clube e assemelhado;Outros;
